   59dnj7vtao,/category/security-reference,
   0v0om5p9af,/category/start-here,
   jqk71thuxh,/category/cost-anomaly-detection,
   3pyb3kmkbs,/category/aws-lambda-deployments,
   wywpilryhu,/category/cloud-cost-dashboards,
   5mu8983wa0,/category/stackdriver-verification,
   o1zhrfo8n5,/category/connectors,
   6ke9a5pfkz,/category/quickstarts,
   d53e6970ow,/category/monitoring,
   mizega9tt6,/category/aws-ami-deployments,
   w4rzhnf27d,/category/role-based-access-control,
   w6r9f17pk3,/category/platform-quickstarts,
   ody8r3ad8f,/category/install-self-managed-enterprise-edition-with-kots,
   zajp4z032f,/category/audit-trail-for-cloud-costs,
   29nai2tbs6,/category/test-intelligence,
   rv2jo2hoiy,/category/git-experience,
   mkyr84ulx3,/category/azure-acr-to-aks,
   utstv3qzqt,/category/use-sto,
   hupik7gwhc,/category/aws-cloudformation,
   013h04sxex,/category/gitops,
   zzl3fqee2p,/category/security-tech-ref,
   1nci5420c8,/category/new-relic-verification,
   iiv0olc0in,/category/srm-notifications,
   m9iau0y3hv,/category/delegate-guide,
   c3plipcrqq,/category/delegate-reference,
   kkiqy1f6d7,/category/server-sdk-guides,
   31zj6kgnsg,/category/cloudformation,
   ojaa8v6fwz,/category/codebase-configuration,
   t5s8pv9gjb,/category/filter-your-feature-flags,
   ugfrr8rck0,/category/change-intelligence-technical-reference,
   mfdyp6tf0v,/category/azure-web-apps,
   ivpp0y9sdf,/category/general-service-settings,
   y9ixzx2x5y,/category/general-cd,
   ux6clfhfhz,/category/sumo-logic-verification,
   3ssi99hhxz,/category/notifications,
   cgjcdl8vdn,/category/audit-trail,
   mi8eo3qwxm,/category/build-and-upload-artifacts,
   t5b0go7gps,/category/security-tech-reference,
   u0gbfyk4p4,/category/feature-flag-security,
   99m8m1s55y,/category/troubleshoot-ci,
   skrwlcueml,/category/update-your-feature-flags,
   v6dnk0z7nv,/category/retrieve-data,
   7lvetjzo1m,/category/onboard-with-service-reliability-management,
   j1q21aler1,/category/ci/cd,-artifact-build-and-deploy-pipelines,
   4on0a5avqo,/category/azure-blueprint-provisioning,
   72au717ux5,/category/shell-script-provisioning,
   sy6sod35zi,/category/platform-concepts,
   iucs9fawif,/category/harness-yaml,
   kam4aj3pd4,/category/24/7-service-guard,
   b943tytof4,/category/cloud-cost-technical-reference,
   y6gyszr0kl,/category/general-cd-execution-steps,
   p5ntvkvh5z,/category/add-cloud-providers,
   u4eimxamd3,/category/add-services,
   emle05cclq,/category/tanzu-application-service-(formerly-pivotal),
   pm96bpz4kf,/category/nextgen-harness-api,
   hb98hpyemv,/category/instana-verification,
   wyuv3zocfk,/category/cloudwatch-verification,
   x9hs9wviib,/category/datadog-verification,
   177rlmujlu,/category/prometheus-verification,
   yo726tfqly,/category/policies-for-feature-flags,
   v3h3y6pya6,/category/cloud-cost-dashboards-by-harness,
   c9j6jejsws,/category/tutorials,
   9mefqceij0,/category/continuous-verification,
   3err8eu6x3,/category/account-setup,
   2d7y1cr09y,/category/approval-stages,
   f6rh2cdvx9,/category/quickstarts,
   weyg86m5qp,/category/add-triggers,
   4o8zim2tfr,/category/azure-virtual-machine-scale-sets-(vmss),
   hpy9lyd9b3,/category/kustomize,
   cybg19aoxt,/category/docker,
   tvlmjozubh,/category/introduction,
   bl6dov8qq4,/category/monitoring,
   zoc8fpiifm,/category/governance,
   iqgyied1c0,/category/get-started-with-feature-flags,
   9tb4tsgko5,/category/kubernetes-cluster,
   8a7gmuvz7e,/category/monitor-cloud-costs-with-integrations,
   1eqg76ac72,/category/add-environments,
   y5cc950ks3,/category/terraform,
   77l6flntwl,/category/manage-your-flags-using-git-experience,
   h4k144tv5t,/category/firstgen-release-notes,
   872aodnvl1,/category/virtual-machine,
   08m3kwdcuf,/category/harness-editions,
   y1oewjcb0q,/category/client-sdk-guides,
   az9zwp259r,/category/general-aws-deployment-information,
   lussbhnyjt,/category/pipeline-and-steps-reference,
   axthyiihah,/category/get-data-on-your-feature-flags,
   yp3yaavhla,/category/platforms-tech-ref,
   48wnu4u0tj,/category/secrets-and-secret-management,
   vm78eo4xln,/category/auditing,
   4xo13zdnfx,/category/ci-technical-reference,
   tsswat9k6o,/category/feature-flags-overview,
   zpuqjaa3kf,/category/harness-cli,
   85qz9mdf0y,/category/faqs,
   fsgwbaegql,/category/use-pipelines-with-feature-flags,
   gkm7rtubpk,/category/terraform,
   bz4zh3b75p,/category/approvals,
   hnt1d9epg8,/category/new-to-ccm?-get-started-with-a-trial,
   2p8b4otu10,/category/delegates,
   o9u37bn43d,/category/configuration-as-code,
   5sdx6n8yqa,/category/metrics,
   a8jhf8hizv,/category/add-workflows,
   0gyfk4938x,/category/cd-dashboards,
   ei5fgqxb0j,/category/use-drone-plugins,
   r5npnj7dwx,/category/artifacts-tech-ref,
   3uqsijw1gg,/category/cost-categories,
   wogg6uk871,/category/onboard-with-chaos-engineering,
   bp8t5hf922,/category/variables-and-expressions,
   vbcmo6ltg7,/category/deployment-strategies-and-integrations,
   y7j7dl46ua,/category/faqs,
   aa3bkrzgqi,/category/add-pipelines,
   vm60533pvt,/category/delegate-reference,
   1iy3n46kom,/category/ccm-budgets,
   fb16ljb8lu,/category/platform-general-reference,
   y9pmm3ig37,/category/manage-notifications,
   eyzngtupao,/category/sdks-overview,
   ugsf6ny1bk,/category/continuous-verification-tech-ref,
   qfj6m1k2c4,/category/kubernetes,
   nprch36pwj,/category/onboard-with-cloud-cost-management,
   y2cksg5q0x,/category/kubernetes,
   idvvqrrfr9,/category/workflow-steps-and-settings-tech-ref,
   zxxvl8vahz,/category/continuous-verification,
   mdzd29q3u9,/category/services,
   ktllg564xj,/category/cloud-cost-management-overview,
   66qbyn7ugu,/category/install-with-helm,
   uimq4rlif9,/category/kubernetes,
   cwefyz0jos,/category/general-deployment-features,
   j4adbv9wn7,/category/cloud-cost-management-concepts,
   bpoqe48x7r,/category/appdynamics-verification,
   dxej4ug0n5,/category/cd-basics,
   6bw1qej23v,/category/configure-ecg,
   mtom5sxkn3,/category/coveo,
   36pjokv13r,/category/monitoring,
   3i7h1lzlt2,/category/azure-arm-provisioning,
   5havnl8qad,/category/manage-tags,
   bogcmczbcv,/category/nextgen-release-notes,
   gyd73rp7np,/category/1---manage-harness-delegates,
   ekrjjfyle0,/category/cloud-integration,
   xw2hz815l8,/category/manage-feature-flag-targets,
   xbu33o5q99,/category/harness-services-tech-ref,
   oya6qhmmaw,/category/triggers,
   uj8bqz9j0q,/category/kubernetes,
   f42d7rayvs,/category/dynatrace-verification,
   r04ke134bi,/category/tuning-and-tracking-verification,
   ubhcaw8n0l,/category/virtual-machine,
   o9x167at52,/category/secrets-management,
   0dqv0mh8xu,/category/use-the-harness-relay-proxy,
   j9gk9otyed,/category/how-to-videos,
   85tr1q4hin,/category/kubernetes,
   hdxts68dvo,/category/subscribe-to-feature-flags,
   29o4taom9v,/category/custom-deployments,
   pjovrkldfq,/category/onboard-with-ci,
   4oyemfqb1t,/category/nextgen-troubleshooting,
   ap3fugajzh,/category/harness-youtube,
   kx4hs8bn38,/category/get-started,
   biypfy9p1i,/category/create-autostopping-rules,
   pglyu478ao,/category/firstgen-troubleshooting,
   v9cx3iwwtq,/category/ccm-recommendations,
   iymgpt1c0a,/category/doc-help-repo,
   mlqlmg0tww,/category/cloudformation,
   7gqn6m2t46,/category/native-helm-deployments,
   9lw749jubn,/category/variables-and-expressions,
   mphk7h6g8m,/category/cost-report,
   xyexvcc206,/category/code-repo-connectors,
   n1ta989mha,/category/sto-drafts,
   0u3gmt1ufk,/category/root-cost-analysis,
   ytuafly1jg,/category/elk-elasticsearch-verification,
   c40ko6e87n,/category/error-tracking,
   236edhb63y,/category/git-experience-(deprecated),
   qd6woyznd7,/category/ticketing-systems,
   133cjtwnno,/category/appdynamics,
   n03qfofd5w,/category/kubernetes-deployments,
   w98t8pl547,/category/use-variable-expressions,
   k8xq40kf08,/category/add-load-balancer-for-autostopping-rules,
   3trbf8xckk,/category/projects-and-organizations,
   8nywcs2sa7,/category/onboard-with-sto,
   fwal42867c,/category/add-applications,
   fe0577j8ie,/category/access-management,
   vu99714ib1,/category/install-with-kots,
   qx7uza8xbv,/category/chaos-engineering-technical-reference,
   fmttl9hxzc,/category/3---manage-notifications,
   m01pu2ubai,/category/sto-technical-reference,
   z4lta2vnfk,/category/ccm-apis,
   l2p3i03l4a,/category/harness-api,
   etz0u5kujd,/category/deployments,
   1ehb4tcksy,/category/cloud-platform-connectors,
   xot6u3ge9d,/category/helm-charts,
   m8tm1mgn2g,/category/templates,
   7vy86n7cws,/category/set-up-cloud-cost-management,
   u0ac86hcxq,/category/execute-ci-pipelines,
   4przngb8nk,/category/access-management-reference,
   2htb8x0n59,/category/ccm-cost-anomaly-detection,
   td451rmlr3,/category/traditional-deployments-(ssh),
   934m8pvgnk,/category/governance,
   noj782z9is,/category/terragrunt,
   df9vj316ec,/category/aws-ecs-deployments,
   jqfkw27d3u,/category/add-prerequisites-to-your-feature-flags,
   156e2dwwp1,/category/harness-self-managed-enterprise-edition,
   2yrql0zhj0,/category/add-connectors-for-autostopping-rules,
   zfre1xei7u,/category/bugsnag-verification,
   1rvfj2zjvl,/category/monitoring,
   goyudf2aoh,/category/harness-git-based-how-tos,
   seizygxv7b,/category/install-delegates,
   3lkbch7kgn,/category/iis-(.net)-deployments,
   2ea2y01kgz,/category/configuration-as-code,
   wfnd8y0ifs,/category/kubernetes,
   7f8ml70ia4,/category/images,
   wha9wf4lk9,/category/manage-template-libraries,
   gjyyhm9f9h,/category/create-a-feature-flag,
   49yov609ez,/category/access-management,
   ak4v1iorl3,/category/access-control,
   iu2v9nlefv,/category/manage-app-stacks,
   btqlctlqsj,/category/google-cloud,
   rg8mrhqm95,/category/set-up-build-infrastructure,
   tj4mzq0vw2,/category/set-up-cost-visibility,
   7ljl8n7mzn,/category/run-ci-scripts,
   4edbfn50l8,/category/add-approvals,
   01tyeraya4,/category/share-and-cache-ci-data,
   ep5nt3dyrb,/category/custom-metrics-and-logs-verification,
   dr1dwvwa54,/category/variables-and-expressions,
   flam7377aq,/category/view-your-builds,
   mfina4o9mi,/category/untitled-category,
   km6d9j54ms,/category/monitored-service-template,
   1qzbjne478,/category/coveo,
   phddzxsa5y,/category/tags-reference,
   b9vb8vq908,/category/ccm-perspectives,
   r8mi3j15it,/category/approval-connectors-reference,
   wnxi7xc4a4,/category/splunk-verification,
   uepsjmurpb,/category/platform-how-to,
   j3m3gbxk88,/category/logz.io-verification